,SubjectID,Group,ProgFI,index,Session,SessionCode,Trial,ObtFI,Latency,Breakpoint,LogLat,LogBP
0,21,Base20,5.0,45.0,56.5,4.0,46.0,17.886666666666667,3.8637499999999996,4.016249999999999,1.237258323542597,1.807663264369233
1,21,Base20,5.73,45.0,56.5,4.0,46.0,18.234375000000004,3.9762500000000003,4.39125,1.3905614123734018,1.9209242048982356
2,21,Base20,7.86,45.0,56.5,4.0,46.0,18.434791666666662,3.970416666666667,4.604999999999999,1.3774257050618577,1.9160082851147158
3,21,Base20,11.18,45.0,56.5,4.0,46.0,19.067916666666672,3.980833333333333,5.057916666666666,1.3428851769322456,2.04724496076011
4,21,Base20,15.36,45.0,56.5,4.0,46.0,19.646666666666665,4.916874999999999,7.543541666666665,1.4771672318848912,2.159596553358446
5,21,Base20,20.0,40.0,56.5,4.0,41.0,20.672166666666666,4.811166666666667,8.882666666666665,1.496492383598617,2.1177780622393816
6,21,Base20,24.64,35.0,56.5,4.0,36.0,21.194166666666668,3.9689583333333336,10.922083333333331,1.2763891049123128,2.058429293398064
7,21,Base20,28.82,35.0,56.5,4.0,36.0,21.92854166666667,4.029791666666666,14.26333333333333,1.1733116268147719,2.104029063667388
8,21,Base20,32.14,35.0,56.5,4.0,36.0,22.503333333333334,3.6808333333333336,12.246249999999998,1.2741439021630858,1.9290448120918031
9,21,Base20,34.27,35.0,56.5,4.0,36.0,22.903750000000002,4.130416666666666,14.877083333333333,1.2343503488740268,2.037189358568469
10,21,Base20,35.0,35.0,56.5,4.0,36.0,23.353749999999994,3.3991666666666664,14.752916666666666,1.3260768304884496,2.0447012843013237
11,22,Base40,10.0,45.0,56.5,4.0,46.0,45.19291666666667,4.044583333333333,4.646666666666667,2.097869399092794,2.3580605869142173
12,22,Base40,11.47,45.0,56.5,4.0,46.0,45.05208333333334,4.4766666666666675,4.913958333333333,2.1575015890347617,2.395990233666276
13,22,Base40,15.73,45.0,56.5,4.0,46.0,45.739374999999974,4.4227083333333335,5.650000000000001,1.9357693036212102,2.378938733761015
14,22,Base40,22.37,45.0,56.5,4.0,46.0,43.13291666666667,4.871666666666665,6.9206249999999985,1.9225585130132252,2.4191860242343997
15,22,Base40,30.73,45.0,56.5,4.0,46.0,41.76708333333334,5.524583333333333,8.946666666666669,1.8780386868605168,2.3988121571854135
16,22,Base40,40.0,40.0,56.5,4.0,41.0,40.215500000000006,7.723666666666667,11.559166666666666,1.9255487021525852,2.388813334344316
17,22,Base40,49.27,35.0,56.5,4.0,36.0,38.65833333333333,8.709791666666662,14.502291666666672,1.7319980544108537,2.3223283449760954
18,22,Base40,57.63,35.0,56.5,4.0,36.0,37.316875,8.287708333333336,15.543541666666668,1.7980555547058763,2.154770635252522
19,22,Base40,64.27,35.0,56.5,4.0,36.0,36.56562499999999,14.192708333333334,20.864375,1.9187506263211065,2.220434927172284
20,22,Base40,68.53,35.0,56.5,4.0,36.0,35.473124999999996,15.530416666666667,21.670833333333334,1.9464306895664165,2.0990578868159617
21,22,Base40,70.0,35.0,56.5,4.0,36.0,35.20083333333333,10.04125,16.287916666666664,1.6346529481297045,1.8807571200234852
22,23,Base20,5.0,45.0,56.5,4.0,46.0,20.288750000000004,0.7320833333333335,2.9970833333333338,0.10985462235336697,1.8878564669983258
23,23,Base20,5.73,45.0,56.5,4.0,46.0,20.38312500000001,1.0291666666666668,3.662291666666668,-0.0460131325167343,1.895340219769037
24,23,Base20,7.86,45.0,56.5,4.0,46.0,20.328958333333333,1.2391666666666665,4.114791666666666,0.023752016688658128,2.070506656061457
25,23,Base20,11.18,45.0,56.5,4.0,46.0,20.31291666666667,1.307916666666667,5.702708333333334,-0.02684808108095509,2.1059638074256166
26,23,Base20,15.36,45.0,56.5,4.0,46.0,20.443125,1.644583333333333,7.2729166666666645,-0.2000558792422432,2.2175480620462276
27,23,Base20,20.0,40.0,56.5,4.0,41.0,20.585999999999995,1.7071666666666672,10.257833333333336,-0.22765779312932607,2.2053675212740407
28,23,Base20,24.64,35.0,56.5,4.0,36.0,20.56604166666667,1.6766666666666665,12.671458333333334,-0.10081846982468168,2.134189157025065
29,23,Base20,28.82,35.0,56.5,4.0,36.0,20.513958333333335,1.3885416666666668,14.932291666666663,-0.1374642366112457,2.1428093433467743
30,23,Base20,32.14,35.0,56.5,4.0,36.0,20.35708333333334,2.3106250000000004,15.806666666666667,0.08771290871984681,2.0090658376916477
31,23,Base20,34.27,35.0,56.5,4.0,36.0,20.533124999999995,2.1029166666666668,16.29916666666667,-0.23854958279417124,1.990352767127557
32,23,Base20,35.0,35.0,56.5,4.0,36.0,20.245833333333337,2.5366666666666666,17.03708333333334,-0.15593247785194397,1.8890203961626832
33,24,Base40,10.0,45.0,56.5,4.0,46.0,45.26750000000001,4.615833333333333,5.59,1.727739725720166,2.5738656697249476
34,24,Base40,11.47,45.0,56.5,4.0,46.0,45.11270833333333,4.9920833333333325,6.166875000000001,1.9023072324681802,2.6553623409660045
35,24,Base40,15.73,45.0,56.5,4.0,46.0,44.35270833333334,4.508541666666668,7.113958333333334,1.8474222900421584,2.6009051918847343
36,24,Base40,22.37,45.0,56.5,4.0,46.0,43.31708333333333,4.685,9.376041666666666,1.856471742291373,2.661954783668938
37,24,Base40,30.73,45.0,56.5,4.0,46.0,41.952708333333334,7.061041666666665,13.740208333333335,1.6855738266336158,2.764986330337708
38,24,Base40,40.0,40.0,56.5,4.0,41.0,40.240833333333335,8.419166666666666,18.338333333333328,1.7462560593552316,2.666836144912828
39,24,Base40,49.27,35.0,56.5,4.0,36.0,39.44875000000001,7.341458333333333,19.60520833333334,1.8542519146591852,2.6273570324601585
40,24,Base40,57.63,35.0,56.5,4.0,36.0,37.33375,7.390625,23.555625000000006,1.5840395401496759,2.471346189241562
41,24,Base40,64.27,35.0,56.5,4.0,36.0,36.231249999999996,8.954166666666667,24.147291666666664,1.7330243360055428,2.3757403976206075
42,24,Base40,68.53,35.0,56.5,4.0,36.0,35.51333333333333,8.645833333333332,26.341041666666666,1.765711045816797,2.267994557629104
43,24,Base40,70.0,35.0,56.5,4.0,36.0,35.355833333333344,8.319166666666668,27.730416666666667,1.7914567494203641,2.37178975419426
44,25,Base40,10.0,45.0,56.5,4.0,46.0,40.25083333333333,0.9720833333333333,5.62375,1.4332570300692324,2.541706388045589
45,25,Base40,11.47,45.0,56.5,4.0,46.0,40.25645833333333,0.9747916666666664,6.168749999999999,1.3677986395645814,2.6520201737610187
46,25,Base40,15.73,45.0,56.5,4.0,46.0,40.22520833333333,1.0883333333333332,7.667708333333333,1.3991551163145788,2.7272734375037833
47,25,Base40,22.37,45.0,56.5,4.0,46.0,40.21354166666667,1.6137499999999998,10.00416666666667,1.513885501952026,2.805188246941098
48,25,Base40,30.73,45.0,56.5,4.0,46.0,40.19895833333333,2.672916666666666,12.772083333333333,1.1998707327468698,2.8190596360482196
49,25,Base40,40.0,40.0,56.5,4.0,41.0,40.33866666666667,4.823166666666666,19.00583333333333,1.1102434109517754,2.895006047884323
50,25,Base40,49.27,35.0,56.5,4.0,36.0,40.236041666666665,7.216250000000002,24.409374999999997,1.0760894312860234,2.8643559661004576
51,25,Base40,57.63,35.0,56.5,4.0,36.0,40.24458333333333,10.815208333333333,27.911250000000006,1.0344962862243716,2.759038255282252
52,25,Base40,64.27,35.0,56.5,4.0,36.0,40.19249999999999,12.315416666666666,31.295833333333338,1.0934692088036402,2.735304058894414
53,25,Base40,68.53,35.0,56.5,4.0,36.0,40.21083333333334,12.167291666666666,30.60875000000001,0.9733415147067687,2.5599818767607414
54,25,Base40,70.0,35.0,56.5,4.0,36.0,40.22708333333333,12.847083333333336,32.76333333333334,1.073451533287054,2.637082645206529
55,26,Base20,5.0,45.0,56.5,4.0,46.0,20.609583333333333,1.4670833333333333,2.95375,0.29512786365390387,1.9270269762714463
56,26,Base20,5.73,45.0,56.5,4.0,46.0,20.4875,1.9745833333333342,3.5533333333333332,0.620217731250539,1.9739790585036676
57,26,Base20,7.86,45.0,56.5,4.0,46.0,20.4725,2.2010416666666663,4.243125000000002,0.6093179799797318,1.9813950201507362
58,26,Base20,11.18,45.0,56.5,4.0,46.0,20.435,2.2166666666666663,4.7420833333333325,0.6570077733074896,2.0824707265219433
59,26,Base20,15.36,45.0,56.5,4.0,46.0,20.416250000000005,2.6833333333333336,6.20375,0.8229623347034519,2.0719830742644594
60,26,Base20,20.0,40.0,56.5,4.0,41.0,20.564666666666668,2.909333333333332,9.623833333333334,0.729578504247491,2.102083542802075
61,26,Base20,24.64,35.0,56.5,4.0,36.0,20.44395833333333,2.6006249999999995,12.768124999999998,0.7210572067549683,2.136892029614025
62,26,Base20,28.82,35.0,56.5,4.0,36.0,20.482499999999998,2.825624999999999,14.230625000000002,0.5020412045663845,2.0902612617556566
63,26,Base20,32.14,35.0,56.5,4.0,36.0,20.507916666666667,3.0364583333333326,15.128124999999997,0.5141147231703916,2.0235129266230065
64,26,Base20,34.27,35.0,56.5,4.0,36.0,20.539583333333336,2.992291666666667,17.532083333333336,0.6554864384777025,2.039018838496531
65,26,Base20,35.0,35.0,56.5,4.0,36.0,20.609166666666663,2.5191666666666674,17.847916666666666,0.3669563652978083,1.9003335778842605
66,27,Base40,10.0,45.0,56.5,4.0,46.0,35.567083333333336,2.528333333333333,5.0491666666666655,1.4227194476767522,2.1384082552472843
67,27,Base40,11.47,45.0,56.5,4.0,46.0,35.54541666666667,1.9720833333333336,5.515000000000001,1.1981292927354317,2.470176391134166
68,27,Base40,15.73,45.0,56.5,4.0,46.0,36.223749999999995,2.3293749999999993,6.802916666666668,1.2540946610009256,2.4862722171795
69,27,Base40,22.37,45.0,56.5,4.0,46.0,37.3125,2.4614583333333324,9.540833333333333,1.198592247782852,2.5916721943055325
70,27,Base40,30.73,45.0,56.5,4.0,46.0,38.75666666666665,4.215416666666665,11.586041666666667,1.2295746900517497,2.5332423052695012
71,27,Base40,40.0,40.0,56.5,4.0,41.0,40.26166666666668,5.7456666666666685,16.265000000000004,1.4106903184560418,2.6335890483970092
72,27,Base40,49.27,35.0,56.5,4.0,36.0,41.783750000000005,9.572083333333332,19.642499999999995,1.605246203719284,2.728171042707327
73,27,Base40,57.63,35.0,56.5,4.0,36.0,43.30187500000002,9.165000000000003,23.66666666666666,1.2940294370924268,2.618232478810617
74,27,Base40,64.27,35.0,56.5,4.0,36.0,44.39812499999999,10.211458333333331,27.32020833333333,1.7090465449658556,2.6510268002773136
75,27,Base40,68.53,35.0,56.5,4.0,36.0,45.173125000000006,14.12708333333333,31.993541666666662,1.8454734303997133,2.6802183048340313
76,27,Base40,70.0,35.0,56.5,4.0,36.0,45.38166666666666,12.318333333333337,26.346666666666668,1.6641246429591625,2.603955637375311
77,28,Base20,5.0,45.0,56.5,4.0,46.0,20.247083333333336,1.4741666666666668,2.25125,1.0161038605420425,1.7868430669576638
78,28,Base20,5.73,45.0,56.5,4.0,46.0,20.20104166666667,1.4437499999999999,2.606666666666666,0.6979403958921493,1.729940321251051
79,28,Base20,7.86,45.0,56.5,4.0,46.0,20.279374999999998,1.8481249999999998,3.6050000000000004,1.017262793769279,1.8997629417942037
80,28,Base20,11.18,45.0,56.5,4.0,46.0,20.259583333333328,1.967083333333334,4.281458333333334,0.801209957266893,1.9010107526414481
81,28,Base20,15.36,45.0,56.5,4.0,46.0,20.207708333333333,3.1506250000000002,6.325833333333333,1.0246852583755266,2.024398768608885
82,28,Base20,20.0,40.0,56.5,4.0,41.0,20.215666666666667,4.477499999999998,8.913666666666666,1.0659959656860167,2.0706290480080756
83,28,Base20,24.64,35.0,56.5,4.0,36.0,20.232083333333335,3.282083333333333,10.046041666666666,0.8083261553234594,2.0360795480176477
84,28,Base20,28.82,35.0,56.5,4.0,36.0,20.20270833333333,4.109166666666667,12.128958333333332,0.9566421188952908,2.001441890602412
85,28,Base20,32.14,35.0,56.5,4.0,36.0,20.184583333333332,3.748541666666666,14.018333333333326,0.74722085005757,1.850098239559192
86,28,Base20,34.27,35.0,56.5,4.0,36.0,20.229583333333334,4.427916666666668,13.878958333333332,0.8049109864538386,1.8056954350414653
87,28,Base20,35.0,35.0,56.5,4.0,36.0,20.16291666666667,4.537916666666667,14.687083333333334,0.772750762573239,1.759385990176688
88,29,Base40,10.0,45.0,56.5,4.0,46.0,35.20166666666666,1.06,4.928749999999999,0.8118961263191484,1.9962180886899585
89,29,Base40,11.47,45.0,56.5,4.0,46.0,35.506458333333335,1.3260416666666668,5.208125,0.8487364298664599,1.9969908647081362
90,29,Base40,15.73,45.0,56.5,4.0,46.0,36.136875,1.4383333333333335,5.9035416666666665,0.8651029161411395,2.1306825301540164
91,29,Base40,22.37,45.0,56.5,4.0,46.0,37.267916666666665,1.4193750000000005,8.539583333333336,0.7509633000522468,2.270786530188642
92,29,Base40,30.73,45.0,56.5,4.0,46.0,38.630416666666655,2.832291666666666,11.990833333333335,0.6807147102027208,2.4256821130331714
93,29,Base40,40.0,40.0,56.5,4.0,41.0,40.19650000000001,3.0143333333333335,14.283833333333332,0.5169298250776527,2.467394897062964
94,29,Base40,49.27,35.0,56.5,4.0,36.0,41.708749999999995,4.264375,16.389791666666664,0.7678426016816502,2.4527236514411213
95,29,Base40,57.63,35.0,56.5,4.0,36.0,43.11625000000001,6.948333333333334,18.288958333333337,0.9310968486316473,2.4385025209581643
96,29,Base40,64.27,35.0,56.5,4.0,36.0,44.254791666666655,7.745833333333334,20.093125000000004,0.902775369812696,2.4133833225766113
97,29,Base40,68.53,35.0,56.5,4.0,36.0,44.930000000000014,9.050624999999998,20.553958333333334,1.0616659577684695,2.4233706216405397
98,29,Base40,70.0,35.0,56.5,4.0,36.0,45.23208333333334,8.41625,20.827500000000004,0.8337677240129372,2.319134044008919
99,30,Base20,5.0,45.0,56.5,4.0,46.0,22.7375,1.235,3.178333333333333,-0.2795861504952428,1.8478792009015315
100,30,Base20,5.73,45.0,56.5,4.0,46.0,22.621874999999992,1.2608333333333333,3.4962500000000003,-0.4900951634974469,1.7022738692680823
101,30,Base20,7.86,45.0,56.5,4.0,46.0,22.269375,1.2181249999999997,3.7014583333333335,-0.30747946100751566,1.8031232171078866
102,30,Base20,11.18,45.0,56.5,4.0,46.0,21.691458333333333,1.8493749999999995,4.855,-0.1077608346605805,1.8552183782556293
103,30,Base20,15.36,45.0,56.5,4.0,46.0,21.031041666666667,1.382291666666667,5.388333333333332,-0.26453085357881617,1.7585881888084842
104,30,Base20,20.0,40.0,56.5,4.0,41.0,20.240166666666667,2.3020000000000005,6.7071666666666685,0.019348672740190195,1.8460030600751751
105,30,Base20,24.64,35.0,56.5,4.0,36.0,19.53375,2.087291666666666,7.840416666666669,-0.6372311443366526,1.739654670896643
106,30,Base20,28.82,35.0,56.5,4.0,36.0,18.789583333333333,1.4245833333333329,8.846458333333334,-0.6397846291344866,1.7051887696124082
107,30,Base20,32.14,35.0,56.5,4.0,36.0,18.24270833333333,2.2514583333333333,9.756041666666667,-0.4607654798813347,1.6282332441122307
108,30,Base20,34.27,35.0,56.5,4.0,36.0,17.867499999999996,2.144374999999999,9.231666666666664,-0.10167194587234629,1.5096625222691742
109,30,Base20,35.0,35.0,56.5,4.0,36.0,17.72791666666667,1.3616666666666664,9.955833333333333,-0.6296545419422356,1.350464717551126
110,31,Base40,10.0,45.0,56.5,4.0,46.0,40.32541666666666,2.6933333333333334,4.7250000000000005,1.8552178782833462,2.4042308907120824
111,31,Base40,11.47,45.0,56.5,4.0,46.0,40.30124999999999,2.536458333333333,5.077708333333334,1.5839409609708104,2.4220760513189323
112,31,Base40,15.73,45.0,56.5,4.0,46.0,40.25083333333334,2.0214583333333334,6.242708333333333,1.4106824535861928,2.501213813470264
113,31,Base40,22.37,45.0,56.5,4.0,46.0,40.32562500000001,3.377708333333333,9.455208333333335,1.4622200881172007,2.509797477525124
114,31,Base40,30.73,45.0,56.5,4.0,46.0,40.23958333333333,4.308750000000001,11.978541666666665,1.301152694832784,2.591644129541845
115,31,Base40,40.0,40.0,56.5,4.0,41.0,40.33500000000001,5.338833333333333,16.825666666666667,1.4370663483848476,2.69821610742631
116,31,Base40,49.27,35.0,56.5,4.0,36.0,40.31270833333333,7.149791666666665,18.236041666666672,1.2496800666471872,2.6666653991189104
117,31,Base40,57.63,35.0,56.5,4.0,36.0,40.27833333333334,7.066041666666668,22.825,1.1617234397370104,2.7174160455182172
118,31,Base40,64.27,35.0,56.5,4.0,36.0,40.337499999999984,8.534583333333336,25.657708333333336,1.13350349170731,2.4373144601762236
119,31,Base40,68.53,35.0,56.5,4.0,36.0,40.29291666666666,9.37520833333333,24.18208333333334,1.3936136600852516,2.410070842154551
120,31,Base40,70.0,35.0,56.5,4.0,36.0,40.24083333333333,10.052083333333334,26.433333333333337,1.3464635871980128,2.423834851885902
121,32,Base20,5.0,45.0,56.5,4.0,46.0,22.902500000000003,2.8133333333333326,3.254583333333333,1.2347843464934838,2.015338521781646
122,32,Base20,5.73,45.0,56.5,4.0,46.0,22.68041666666667,3.1077083333333335,3.427083333333334,1.1407629614885209,1.9408113158984552
123,32,Base20,7.86,45.0,56.5,4.0,46.0,22.321249999999996,3.0920833333333344,3.997708333333333,1.2170437796097386,1.9518350712122474
124,32,Base20,11.18,45.0,56.5,4.0,46.0,21.973333333333333,4.000208333333332,5.651249999999998,1.4275662812302843,2.13692696784676
125,32,Base20,15.36,45.0,56.5,4.0,46.0,21.135208333333328,5.084791666666665,7.374583333333335,1.4027184455634867,2.103633689148426
126,32,Base20,20.0,40.0,56.5,4.0,41.0,20.317666666666657,4.6928333333333345,8.761166666666664,1.465251037094935,2.165297552789964
127,32,Base20,24.64,35.0,56.5,4.0,36.0,19.583750000000002,4.017083333333333,11.179583333333339,1.3657341215604388,2.113117301594191
128,32,Base20,28.82,35.0,56.5,4.0,36.0,18.895833333333332,4.533541666666666,13.330833333333336,1.3492163694766193,2.02359070987653
129,32,Base20,32.14,35.0,56.5,4.0,36.0,18.46854166666667,4.316458333333333,13.37645833333333,1.3132479048143504,1.87460561032355
130,32,Base20,34.27,35.0,56.5,4.0,36.0,18.058750000000003,3.9647916666666663,13.882291666666665,1.202267482282846,1.8351101002030503
131,32,Base20,35.0,35.0,56.5,4.0,36.0,17.78333333333333,4.959166666666666,14.919166666666664,1.2952821165224562,1.8417130895032034
132,33,Base20,5.0,45.0,56.5,4.0,46.0,17.7575,2.0204166666666667,3.3958333333333335,0.8950496609782882,1.8045895994144272
133,33,Base20,5.73,45.0,56.5,4.0,46.0,17.889583333333334,2.1697916666666672,3.4418749999999996,0.923635263767666,1.772267712003021
134,33,Base20,7.86,45.0,56.5,4.0,46.0,18.328749999999996,2.435416666666667,3.614166666666667,1.0821054712873261,1.818436275165291
135,33,Base20,11.18,45.0,56.5,4.0,46.0,18.899791666666665,2.613541666666667,4.469583333333333,0.967946286864013,1.8763382601617165
136,33,Base20,15.36,45.0,56.5,4.0,46.0,19.5925,2.6852083333333336,5.011041666666666,0.9206822432427809,1.906278540776924
137,33,Base20,20.0,40.0,56.5,4.0,41.0,20.646833333333333,4.565333333333333,8.821000000000002,1.0522377254796533,2.016633358548903
138,33,Base20,24.64,35.0,56.5,4.0,36.0,21.107916666666664,3.983750000000001,10.712083333333334,0.9536206078667085,2.0498648683942533
139,33,Base20,28.82,35.0,56.5,4.0,36.0,21.725625000000008,4.652708333333333,11.746041666666668,1.0673282116684468,1.9654486770522397
140,33,Base20,32.14,35.0,56.5,4.0,36.0,22.31520833333333,5.114375,11.568958333333335,1.0306554678356152,1.946387398013919
141,33,Base20,34.27,35.0,56.5,4.0,36.0,22.66854166666666,5.719791666666667,12.600624999999999,1.134034242168975,1.9205939089416846
142,33,Base20,35.0,35.0,56.5,4.0,36.0,22.737083333333334,4.753333333333333,12.840000000000002,1.0815481085970915,1.9856638582042672
143,34,Base40,10.0,45.0,56.5,4.0,46.0,35.319583333333334,6.197499999999999,6.197499999999999,1.9308486323252791,2.317803976879167
144,34,Base40,11.47,45.0,56.5,4.0,46.0,35.650416666666665,6.165833333333335,6.454166666666668,1.9739663969412404,2.354434096867754
145,34,Base40,15.73,45.0,56.5,4.0,46.0,36.356666666666676,6.3304166666666655,6.971041666666665,1.9866882766641707,2.3356261184070903
146,34,Base40,22.37,45.0,56.5,4.0,46.0,37.38875,6.742083333333334,8.79416666666667,1.9721581484411521,2.4698889961489514
147,34,Base40,30.73,45.0,56.5,4.0,46.0,38.72479166666667,6.720416666666666,10.637083333333333,1.8519921841235958,2.4637958518312817
148,34,Base40,40.0,40.0,56.5,4.0,41.0,40.348833333333346,7.701166666666667,14.751833333333336,1.9071380598773093,2.625194639615089
149,34,Base40,49.27,35.0,56.5,4.0,36.0,41.83604166666668,7.296458333333335,16.053125000000005,1.751279604867407,2.5056171928159485
150,34,Base40,57.63,35.0,56.5,4.0,36.0,43.278124999999996,8.227083333333331,21.107083333333332,1.8537429000460772,2.603540598344875
151,34,Base40,64.27,35.0,56.5,4.0,36.0,44.45416666666667,8.821458333333334,18.864166666666666,1.9801883394482518,2.515212285667021
152,34,Base40,68.53,35.0,56.5,4.0,36.0,45.096666666666664,10.673125,22.551041666666666,2.061940985239379,2.5585086102844055
153,34,Base40,70.0,35.0,56.5,4.0,36.0,45.39458333333332,7.794583333333333,23.78,1.7631197877883638,2.6387089116875777
154,35,Base20,5.0,45.0,56.5,4.0,46.0,17.732083333333332,2.020833333333333,2.3325,0.9241754094536424,1.4384063506850113
155,35,Base20,5.73,45.0,56.5,4.0,46.0,18.051458333333333,2.143125,2.8502083333333323,0.9415738931654829,1.4628685631173912
156,35,Base20,7.86,45.0,56.5,4.0,46.0,18.208958333333335,2.137708333333333,3.055000000000001,0.948113609798353,1.6157467607613112
157,35,Base20,11.18,45.0,56.5,4.0,46.0,18.760833333333334,2.8733333333333326,4.049583333333333,0.8557162786919544,1.5995259133768922
158,35,Base20,15.36,45.0,56.5,4.0,46.0,19.42729166666667,3.5795833333333333,5.1795833333333325,0.8117741309775973,1.6885468497771197
159,35,Base20,20.0,40.0,56.5,4.0,41.0,20.232666666666663,3.795666666666667,6.239,1.033585094039359,1.7125402861571637
160,35,Base20,24.64,35.0,56.5,4.0,36.0,21.053958333333338,4.466666666666666,8.350208333333333,1.2446171897170122,1.7816009429575104
161,35,Base20,28.82,35.0,56.5,4.0,36.0,21.682708333333334,4.931458333333332,10.029374999999998,0.8481608758001706,1.821529299445257
162,35,Base20,32.14,35.0,56.5,4.0,36.0,22.437916666666666,6.020416666666667,10.623125,1.1016463502485545,1.7302933017717568
163,35,Base20,34.27,35.0,56.5,4.0,36.0,23.296874999999996,6.285833333333334,11.091458333333334,1.1039109568569812,1.7579016110648327
164,35,Base20,35.0,35.0,56.5,4.0,36.0,23.2825,4.683750000000001,9.785833333333333,1.1219149599221467,1.5838404649862525
165,36,Base40,10.0,45.0,56.5,4.0,46.0,40.279583333333335,2.9704166666666656,3.8241666666666667,1.8107348274583952,2.1953695248687146
166,36,Base40,11.47,45.0,56.5,4.0,46.0,40.48958333333332,2.950833333333333,4.387083333333334,1.7345189653620074,2.265203899607222
167,36,Base40,15.73,45.0,56.5,4.0,46.0,40.40583333333332,3.0524999999999998,5.436458333333334,1.6719017267844614,2.2521664101181873
168,36,Base40,22.37,45.0,56.5,4.0,46.0,40.42208333333334,4.099791666666666,8.371875,1.582538230908054,2.470802140840194
169,36,Base40,30.73,45.0,56.5,4.0,46.0,40.33562499999999,5.622291666666668,9.732916666666668,1.7608092820316685,2.4317355168843062
170,36,Base40,40.0,40.0,56.5,4.0,41.0,40.404500000000006,6.048666666666666,12.197333333333335,1.7550725581047069,2.416174146336564
171,36,Base40,49.27,35.0,56.5,4.0,36.0,40.31833333333332,7.753333333333333,15.948333333333332,1.7377485518304738,2.4559741647341524
172,36,Base40,57.63,35.0,56.5,4.0,36.0,40.367916666666666,9.109791666666668,16.601249999999993,1.7269897729815058,2.256327845600876
173,36,Base40,64.27,35.0,56.5,4.0,36.0,40.34270833333333,8.577083333333333,19.399583333333332,1.5770385517381722,2.33712869625712
174,36,Base40,68.53,35.0,56.5,4.0,36.0,40.461041666666674,12.649375000000001,21.368958333333335,1.7867226665409282,2.252942174508917
175,36,Base40,70.0,35.0,56.5,4.0,36.0,40.41916666666666,11.046249999999999,20.447083333333328,1.6384121040335204,2.1113899416540254
176,177,Base60,15.0,45.0,56.5,4.0,46.0,60.25708333333333,3.342916666666667,6.780416666666667,2.4552484979044347,2.8097865294756574
177,177,Base60,17.2,45.0,56.5,4.0,46.0,60.267499999999984,3.8718749999999997,6.934791666666666,2.388400478053214,2.8476755653144745
178,177,Base60,23.59,45.0,56.5,4.0,46.0,60.31249999999999,6.316458333333333,9.01541666666667,2.3465534776185826,2.917943308673655
179,177,Base60,33.55,45.0,56.5,4.0,46.0,60.27583333333334,5.941666666666666,11.481249999999998,2.4248045202748103,3.0001153237518547
180,177,Base60,46.09,45.0,56.5,4.0,46.0,60.26000000000001,9.596874999999999,16.943333333333335,2.4695667150272755,3.16446306265464
181,177,Base60,60.0,40.0,56.5,4.0,41.0,61.23800000000001,19.47483333333334,31.722666666666658,2.8006716399028044,3.313262652620347
182,177,Base60,73.91,35.0,56.5,4.0,36.0,60.32875000000001,23.963333333333335,37.79229166666667,2.4495842900681026,3.1441010279508874
183,177,Base60,86.45,35.0,56.5,4.0,36.0,60.341041666666655,30.950833333333332,43.54083333333333,2.617602999109708,3.0217589373932316
184,177,Base60,96.41,35.0,56.5,4.0,36.0,60.45208333333334,28.381875000000004,46.80833333333333,2.3544442001194175,2.9503133804501664
185,177,Base60,102.8,35.0,56.5,4.0,36.0,60.331875,33.274791666666665,49.38,2.3416144414754854,2.7987792076120814
186,177,Base60,105.0,35.0,56.5,4.0,36.0,60.33500000000001,30.87125,47.57916666666666,2.0686305789009074,2.7336013378828965
187,178,Base60,15.0,45.0,56.5,4.0,46.0,60.21083333333333,6.3187500000000005,7.677499999999999,2.4551718222748726,2.899776126884951
188,178,Base60,17.2,45.0,56.5,4.0,46.0,60.203541666666645,6.407916666666666,8.042499999999999,2.3245624087681502,2.9214903850279197
189,178,Base60,23.59,45.0,56.5,4.0,46.0,60.235208333333325,5.998958333333332,9.451041666666667,2.3353666089753267,2.9807200081343326
190,178,Base60,33.55,45.0,56.5,4.0,46.0,60.21291666666667,6.132083333333335,12.111875,2.327286020011409,3.0663274911100107
191,178,Base60,46.09,45.0,56.5,4.0,46.0,60.20124999999998,7.761458333333333,19.484999999999996,2.2443367788984543,3.1699395888963022
192,178,Base60,60.0,40.0,56.5,4.0,41.0,60.18783333333334,10.3775,26.479999999999997,2.187310019412662,3.1869504299411187
193,178,Base60,73.91,35.0,56.5,4.0,36.0,60.215833333333336,14.208541666666669,31.500208333333333,2.2281061713394967,3.2215602665346377
194,178,Base60,86.45,35.0,56.5,4.0,36.0,60.216041666666676,16.113541666666666,37.41875,2.1882742409864657,3.01674199787
195,178,Base60,96.41,35.0,56.5,4.0,36.0,60.207708333333336,18.419166666666666,43.096666666666664,2.4308028408291533,2.984445859651093
196,178,Base60,102.8,35.0,56.5,4.0,36.0,60.19145833333332,19.93270833333333,45.8225,2.4042084571225515,2.961607275952744
197,178,Base60,105.0,35.0,56.5,4.0,36.0,60.31791666666666,21.227500000000006,47.1925,2.550030357566522,3.028489333438323
198,179,Base60,15.0,45.0,56.5,4.0,46.0,60.18000000000001,0.9304166666666666,7.6379166666666665,1.1987205470364684,2.8181830004246478
199,179,Base60,17.2,45.0,56.5,4.0,46.0,60.21604166666665,1.0185416666666665,8.050625000000002,1.3182171827827582,2.82944107830269
200,179,Base60,23.59,45.0,56.5,4.0,46.0,60.16416666666667,1.8164583333333333,9.426458333333334,1.0730467984874936,2.930598887246491
201,179,Base60,33.55,45.0,56.5,4.0,46.0,60.190416666666664,2.741458333333334,11.551458333333331,1.4568470673752663,3.02202741460153
202,179,Base60,46.09,45.0,56.5,4.0,46.0,60.28270833333334,6.745000000000001,15.850000000000001,1.2430271269692934,3.0122975979426223
203,179,Base60,60.0,40.0,56.5,4.0,41.0,60.50833333333334,12.752999999999998,24.59316666666667,1.7365653791644702,3.0433958026999024
204,179,Base60,73.91,35.0,56.5,4.0,36.0,60.921249999999986,14.557708333333332,31.071249999999996,1.675100240104852,3.0811137074631536
205,179,Base60,86.45,35.0,56.5,4.0,36.0,60.223958333333336,15.893541666666671,37.76187500000001,1.0267954097464946,2.9279447648826107
206,179,Base60,96.41,35.0,56.5,4.0,36.0,60.193333333333335,21.679791666666663,42.58062500000001,1.4105589119580442,2.944216147287115
207,179,Base60,102.8,35.0,56.5,4.0,36.0,60.19666666666665,21.605416666666656,45.267291666666665,1.4442923942114758,2.9155249178489293
208,179,Base60,105.0,35.0,56.5,4.0,36.0,60.25166666666666,18.107916666666668,40.39375,1.024495473639018,2.8239022952494124
209,180,Base60,15.0,45.0,56.5,4.0,46.0,60.26958333333332,4.00125,6.71625,2.5760390876338173,2.901876419551128
210,180,Base60,17.2,45.0,56.5,4.0,46.0,60.29916666666667,4.043125,7.103333333333335,2.3192933875886492,2.8435308988430683
211,180,Base60,23.59,45.0,56.5,4.0,46.0,60.33562499999997,4.398124999999999,7.926458333333333,2.2962260935341656,2.8297185246299583
212,180,Base60,33.55,45.0,56.5,4.0,46.0,62.08125000000001,5.190833333333333,9.260625,2.2543428474422202,2.8906053058116776
213,180,Base60,46.09,45.0,56.5,4.0,46.0,60.32854166666666,6.2299999999999995,13.84895833333333,2.0682093739018104,2.9250055112163875
214,180,Base60,60.0,40.0,56.5,4.0,41.0,61.0035,12.595500000000003,24.96083333333333,2.145281239433141,3.0544885241581388
215,180,Base60,73.91,35.0,56.5,4.0,36.0,60.35166666666668,18.991041666666664,36.13499999999999,2.1941113995675647,3.0467543805361514
216,180,Base60,86.45,35.0,56.5,4.0,36.0,60.36000000000002,25.50458333333334,39.57583333333332,2.227995285596848,2.941263212266227
217,180,Base60,96.41,35.0,56.5,4.0,36.0,60.27604166666668,29.039374999999996,44.46708333333334,2.1710361138567364,2.882539350188523
218,180,Base60,102.8,35.0,56.5,4.0,36.0,60.29583333333331,35.32125000000001,47.599583333333335,2.3757418311410032,2.9091430961763884
219,180,Base60,105.0,35.0,56.5,4.0,36.0,60.34958333333333,38.53458333333334,47.549583333333345,2.4004744512396115,2.851703994906707
220,181,Base60,15.0,45.0,56.5,4.0,46.0,60.52125,2.4979166666666672,7.640833333333332,1.9896076605195008,2.8425311664981385
221,181,Base60,17.2,45.0,56.5,4.0,46.0,60.42916666666667,2.1925000000000003,7.338541666666664,1.8862720234677326,2.7589378751214895
222,181,Base60,23.59,45.0,56.5,4.0,46.0,60.33833333333332,2.431458333333333,8.716458333333332,1.7719222534357006,2.88502236652509
223,181,Base60,33.55,45.0,56.5,4.0,46.0,60.33729166666666,3.3375,10.807708333333332,1.6801653254334707,2.8873320726767973
224,181,Base60,46.09,45.0,56.5,4.0,46.0,60.231874999999995,6.569583333333331,16.311875,2.069493225845753,3.0801151251614036
225,181,Base60,60.0,40.0,56.5,4.0,41.0,60.29683333333332,11.844999999999997,23.7405,2.070212908264135,3.0744360913193263
226,181,Base60,73.91,35.0,56.5,4.0,36.0,60.37145833333335,14.909166666666664,30.066666666666677,1.9901747465995687,3.0586481908783694
227,181,Base60,86.45,35.0,56.5,4.0,36.0,60.297708333333354,14.379166666666665,33.18375000000001,1.9263660164462861,2.9156679842376723
228,181,Base60,96.41,35.0,56.5,4.0,36.0,60.328333333333326,21.100624999999997,37.688125,1.9389261126244517,2.8454604482831614
229,181,Base60,102.8,35.0,56.5,4.0,36.0,60.287499999999994,22.08937499999999,42.80354166666666,2.0666946668366486,2.8703594331179545
230,181,Base60,105.0,35.0,56.5,4.0,36.0,60.30208333333334,20.830833333333334,41.6075,1.9202619880749012,2.851599883785669
231,182,Base60,15.0,45.0,56.5,4.0,46.0,60.32166666666668,7.964166666666666,9.03625,2.4778659478129628,3.0167591546283847
232,182,Base60,17.2,45.0,56.5,4.0,46.0,60.41375,7.730416666666666,10.006249999999998,2.4457733019401005,3.01890539612288
233,182,Base60,23.59,45.0,56.5,4.0,46.0,60.26187499999998,7.318125000000001,11.271458333333333,2.156203446384737,3.0443261947029723
234,182,Base60,33.55,45.0,56.5,4.0,46.0,60.285000000000004,6.937291666666666,13.865833333333336,2.053347589381708,3.092638775454049
235,182,Base60,46.09,45.0,56.5,4.0,46.0,60.34854166666667,6.060833333333332,20.776041666666664,1.9618388647264682,3.181065011038765
236,182,Base60,60.0,40.0,56.5,4.0,41.0,60.357833333333346,8.646666666666667,25.131999999999994,1.999548387488362,3.2168949850670447
237,182,Base60,73.91,35.0,56.5,4.0,36.0,60.30895833333335,10.834583333333335,31.510833333333327,1.8455445339518806,3.194237303479173
238,182,Base60,86.45,35.0,56.5,4.0,36.0,60.30062500000002,14.35604166666667,34.361250000000005,2.142558445112914,3.0641413286086667
239,182,Base60,96.41,35.0,56.5,4.0,36.0,60.272708333333306,15.029375,37.18770833333333,2.3148889436675204,2.9937510423702416
240,182,Base60,102.8,35.0,56.5,4.0,36.0,60.302083333333336,16.976041666666664,41.94020833333334,2.3366399229371235,3.0007885052254193
241,182,Base60,105.0,35.0,56.5,4.0,36.0,60.294166666666676,17.895833333333332,46.27166666666667,2.4003800966539424,2.927944272620976
242,183,Base60,15.0,45.0,56.5,4.0,46.0,60.17291666666668,2.8475,5.2175,2.186348073034601,2.6421859425947867
243,183,Base60,17.2,45.0,56.5,4.0,46.0,60.16229166666668,2.7550000000000003,5.90125,2.1491079123836454,2.763332264708977
244,183,Base60,23.59,45.0,56.5,4.0,46.0,60.20437499999999,2.6043749999999988,7.048958333333332,2.043994413639895,2.7095723187913148
245,183,Base60,33.55,45.0,56.5,4.0,46.0,60.171041666666675,4.076041666666667,10.809375000000001,2.0121532076113193,2.8149338664982597
246,183,Base60,46.09,45.0,56.5,4.0,46.0,60.15916666666666,6.549791666666667,16.66020833333333,2.165024557176455,2.9596603599103446
247,183,Base60,60.0,40.0,56.5,4.0,41.0,60.23000000000002,8.935333333333334,22.229166666666668,1.9482750505953044,2.959717970840306
248,183,Base60,73.91,35.0,56.5,4.0,36.0,60.18104166666668,14.112291666666664,28.367916666666673,1.922670500083007,2.9823018780928536
249,183,Base60,86.45,35.0,56.5,4.0,36.0,60.220000000000006,18.10354166666666,33.93083333333333,1.9316397942960088,2.835289627504473
250,183,Base60,96.41,35.0,56.5,4.0,36.0,60.219166666666645,20.529374999999995,35.329375000000006,2.0116139829736777,2.7669681772781076
251,183,Base60,102.8,35.0,56.5,4.0,36.0,60.168958333333315,23.487499999999997,38.12145833333334,2.236582284865518,2.67231672555301
252,183,Base60,105.0,35.0,56.5,4.0,36.0,60.1875,23.872500000000002,38.150416666666665,2.15118852730158,2.6210604897118226
253,184,Base60,15.0,45.0,56.5,4.0,46.0,60.23916666666667,2.608333333333333,4.885,2.151763654220802,2.7365879865523937
254,184,Base60,17.2,45.0,56.5,4.0,46.0,60.22312500000001,2.692291666666667,5.882291666666666,2.1443763902254913,2.733014297061446
255,184,Base60,23.59,45.0,56.5,4.0,46.0,60.25104166666666,2.862916666666667,7.090000000000001,2.186154146800855,2.8308082566006014
256,184,Base60,33.55,45.0,56.5,4.0,46.0,60.236249999999984,4.007708333333333,10.544791666666665,2.1551119369582046,2.965527220420143
257,184,Base60,46.09,45.0,56.5,4.0,46.0,60.90520833333332,8.304375000000002,15.939583333333331,2.234998926857546,3.0477344686910435
258,184,Base60,60.0,40.0,56.5,4.0,41.0,61.767333333333326,15.175666666666665,26.582833333333337,2.3552113838344915,3.22700125117605
259,184,Base60,73.91,35.0,56.5,4.0,36.0,60.23833333333332,18.785208333333333,29.879791666666666,2.219031090742468,3.098780356856221
260,184,Base60,86.45,35.0,56.5,4.0,36.0,60.222708333333344,25.772499999999997,41.393125,2.249173091654273,2.933254721919552
261,184,Base60,96.41,35.0,56.5,4.0,36.0,60.205000000000005,28.01291666666667,43.73520833333333,2.099886696358816,2.8274130985968444
262,184,Base60,102.8,35.0,56.5,4.0,36.0,60.335625,28.773750000000003,41.20375000000001,2.1221493085751457,2.714587846296553
263,184,Base60,105.0,35.0,56.5,4.0,36.0,60.19541666666667,31.971249999999998,45.34916666666666,2.236863027337273,2.671607964284433
